Timestamp,Editor Name,Name of Organization,Short Description of Organization (250 Characters),Organization Website URL,Does this provider offer more than one location in the greater Gainesville area?,Do you want to save your work and come back later to finish? You will be asked this at the bottom of each page.,Contact Name for Organization,Contact Title for Organization,Contact Email for Organization,Contact Phone 1 for Organization,Contact Info 1 Notes for Organization,Contact Phone 2 for Organization,Contact Info 2 Notes for Organization,Do you want to save your work and come back later to finish?,Location Name,Location Address 1,Location Address 2,City,Zip Code,"Location Phone Number 1 Name (ex: Main, office hours)",Location Phone Number 1,"Location Phone Number 2 Name (ex: Main, office hours)",Location Phone Number 2,Location Email,Bus Routes,Do you want to save your work and come back later to finish?,Contact Name for Location,Contact Title for Location,Contact Email for Location,Contact Phone 1 for Location,Contact Info 1 Notes for Location,Contact Phone 2 for Location,Contact Info 2 Notes for Location,Do you want to save your work and come back later to finish?,Frequency of Services,Weekly Schedule,Monday Start Time,Monday End Time,Tuesday Start Time,Tuesday End Time,Wednesday Start Time,Wednesday End Time,Thursday Start Time,Thursday End Time,Friday Start Time,Friday End Time,Saturday Start Time,Saturday End Time,Sunday Start Time,Sunday End Time,Monthly Schedule (ex: third Thursday at 5pm),Ad-hoc Schedule (ex: Home Football Games),Specific Date (Thanksgiving),"Additional Schedule Information (ex: for Catholic Charities and others to put their lunch hours, etc.)",Do you want to save your work and come back later to finish?,Service Types,Service Cost,Service Category: Basic Needs,Service Category: Crisis Events,Service Category: Financial Aid / Legal,Service Category: Food & Nutrition,Service Category: Health,Service Category: Housing,Service Category: Recreation,Service Description (Briefly describe services or programs offered),Do you want to save your work and come back later to finish?,Minimum Age,Maximum Age,Minimum Annual Household Income,Maximum Annual Household Income,Employment Status,Education Achieved,Housing Status,Residency,Gender,Ethnicity,Eligibility Details,Do you want to save your work and come back later to finish?,Application Required?,Application Information,Walk-ins Allowed?,Appointments Available?,Appointments Required?,Appointment Scheduling,Appointment Phone Number,Appointment Email address,Appointment URL,Do you want to save your work and come back later to finish?,United Way Approved?,Languages Available,Translation Services,Do you have any feedback for the myGNV team? Are we missing anything or is anything confusing? How can we improve the service?
6/24/2020 11:31:50,Victoria,A Women's Answer Medical Center ,"Provides free services, including support counseling, pregnancy testing, ultrasounds, pregnancy classes, life management, financial decision-making, nutrition, and STD testing. ",https://www.awomansanswer.net/,No,,Carol Cullen ,Executive Director ,executivedirector@womensanswer.com,(352) 367-2716,Office Number ,(386) 365-0404,Executive director's cell phone number to be used if the office is closed and services are needed ,,,,,,,,,,,,43 (Wasn't too sure) ,,,,,,,,,,Weekly,"Tuesday, Wednesday, Thursday, Friday",9:00:00 AM,3:59:59 PM,9:00:00 AM,3:59:59 PM,9:00:00 AM,3:59:59 AM,9:00:00 AM,3:59:59 AM,9:00:00 AM,3:59:59 AM,,,,,,,,,,"Information (i.e. referrals, educational materials), Professional Services (i.e. medical appointments, legal counseling)",Free,,Violence & Abuse,,Education & Advocacy,"Counseling, Disease specific (Cancer, HIV, Diabetes), Medical, Women’s Health",,,"Support counseling, pregnancy testing, ultrasounds, pregnancy classes, life management, financial decision-making, nutrition, and STD testing ",,,,,,,,,,,,"All services are available regardless of age, race, ethnicity, religion, income, housing status, education achievement level or residency. ",,No,,Yes,Yes,Yes,"In-person at the office, By phone",,,,,No,English,,Make sure to inform the organizations when the app is functioning/available 
6/24/2020 11:50:12,Victoria,Archer Church of Nazarene,"Church that provides a free food-pantry service, as well as free counseling ministry ",https://www.archernaz.com/site/cs/index.asp,No,,Rich Norman  ,Senior Pastor,,(352) 495-2291,,,,,,,,,,,,,,,Unsure,,,,,,,,,,Monthly,Monday,2:00:00 PM,3:59:59 PM,,,,,,,,,,,,,First and Third Monday Each Month ,,,,,"Goods (i.e. food, medication)",Free,,,,Food Pantry / Distribution Site,Counseling,,,"The church provides a free food pantry service every first and third Monday of each month. There are no eligibility requirements. Individuals that are seeking food pantry services will be asked to complete a card, which will inform the church of food preferences, allergies, and dates and times that are preferred to pick-up the food. All bags are made ahead of time to ensure time management and availability. ",,,,,,,,,,,,No eligibility requirements ,,No,,Yes,,No,,,,,,,English,,
6/24/2020 12:10:40,Victoria ,Alachua County Crisis Center ,Crisis and Suicide Prevention Organization ,https://alachuacounty.us/Depts/CSS/CrisisCenter/Pages/CrisisCenter.aspx,No,,"Alexandra Martinez, Ed.S., LMFT",Director ,,(352) 264-6789 ,Clinic's Number  ,(800) 784-2433,National Suicide Hotline ,,,218 SE 24th Street ,,Gainesville,32641,Clinic Number ,(352) 264-6789,National Suicide Hotline Number ,(800) 784-2433,,"3, 7, 11, and 711 ",,,,,,,,,,"Weekly, Monthly","Monday, Tuesday, Wednesday, Thursday, Friday",9:00:00 AM,5:00:00 PM,9:00:00 AM,5:00:00 PM,9:00:00 AM,5:00:00 PM,9:00:00 AM,5:00:00 PM,9:00:00 AM,5:00:00 PM,,,,,,,,"Due to COVID-19, the clinic is working through Telehealth services, which are offered, Monday - Friday from 9:00 AM - 5:00 PM. The National Suicide Hotline Number is available 24-7 ",,"Information (i.e. referrals, educational materials), Professional Services (i.e. medical appointments, legal counseling)",Free,,"Covid-19, Disaster, Eviction, Violence & Abuse",,,"Counseling, Substance Abuse",,,"Provides Telehealth services, including crisis and suicide preventative counseling, crisis intervention, follow-up crisis and suicide prevention counseling care, community education, and a Survivors of Suicide program. That program is offered every first and third Monday each month. The program starts at 7:00 PM.  ",,,,,,,,,,,,No eligibility criteria ,,No,,Yes,Yes,,"In-person at the office, By phone",(352) 264-6789,,,,,"English, Spanish",Always Available,
6/24/2020 12:43:33,Victoria,Alachua County Animal Services,Animal shelter that provides care for lost or abandoned animals. The organization also offers pet adoptions. ,https://alachuacounty.us/Depts/animalServices/Pages/AnimalServices.aspx,No,,,Animal Services Director ,ewilliams@alachuacounty.us,(352) 264-6870,,,,,,3400 NE 53rd Ave,,Gainesville,32609,Office Number,(352) 264-6870,Office Fax Number,(352) 955)-2542,jgrantman@alachuacounty.us,24,,,,,,,,,,"Weekly, Monthly","Tuesday, Wednesday, Thursday, Friday, Saturday",10:30:00 AM,5:29:59 PM,10:30:00 AM,5:29:59 PM,10:30:00 AM,5:29:59 PM,10:30:00 AM,5:29:59 PM,10:30:00 AM,5:29:59 PM,10:30:00 AM,5:29:59 PM,,,,,,"Rabies vaccines are only offered Tuesday-Friday from 2:00 PM - 4:30 PM. Medically necessary euthanasia is offered. However, medical records must be provided. ACAS does not offer boarding or kenneling services to the public. ",,,Free,,,,,,,,"Shelter operations that are offered to the public, include medically necessary euthanasia (Must provide medical records), Rabies vaccinations (No other vaccinations are available to the public, and Rabies vaccines are only offered Tuesday-Friday from 2:00 PM - 4:30 PM), county licenses (animal adoption licenses), microchipping, and pet adoptions. A list of adoptable pets is listed on their website.  

Field operations that are offered to the public, include animal cruelty investigations, quarantine of biting animals, nuisance animal complaints, humane education, trapping services for sick, injured or possibly Rabies exposed animals, dangerous dog investigations, sick or injured animals, dog-at-large complaints, Rabies control, complaints for failure to remove animal feces, complaints of failure to confine animals in estrus, animal establishment inspections, and emergency assistance for public safety agencies.  

Services that are offered in-house, include shelter and basic veterinary treatment and vaccinations for sick, injured stray animals waiting for adoption, shelter and care for stray/unwanted animals waiting for adoption, and spay/neuter surgery services for animals that have been adopted by ACAS (Not offered to the public). 
 ",,,,,,,,"Rent, Own","City of Gainesville, Alachua County",,,"A valid picture ID (driver's license or Florida identification card) is required to complete an application. If the ID does not have the current address, a bill or piece of mail verifying the new physical address must be provided. 

You must verify that your pet has a current Rabies vaccination. All adoptable animals will receive the Rabies vaccination prior to being adopted. If you reside in Alachua County, your dog must have a current license.  ",,Yes,"Applications are taken on a first-come, first-serve basis. If others have applied prior to your application, they are first in line. Applications must be complete, and approved, prior to adopting any pets. ",Yes,,,,,,,,,"English, Spanish",Always Available,
6/24/2020 13:35:22,Victoria,The Arc of Alachua County ,"Community-based organization that is committed to providing a continuum of exemplary services, supports, and advocacy to assure that people with developmental disabilities can enjoy respect and dignity and be full participants within the community. ",https://www.arcalachua.org/,No,,Mark Swain ,Executive Director ,mswain@arcalachua.org,(352) 334-4060  Ext. 123 ,,,,,,3303 NW 83rd Street ,,Gainesville,32606,Main Phone Number ,(352) 334-4060,Main Fax Number ,(352) 334-4059,,Unknown ,,Johnny Adams,Director of Programs ,jadams@arcalachua.org,(352) 334-4060  Ext: 104,,,,,Weekly,"Monday, Tuesday, Wednesday, Thursday, Friday",8:00:00 AM,3:59:59 PM,8:00:00 AM,3:59:59 PM,8:00:00 AM,3:59:59 PM,8:00:00 AM,3:59:59 PM,8:00:00 AM,3:59:59 PM,,,,,,,,"During the COVID-19 pandemic, the office is currently closed. They are only providing services via telephone or email until further notice. ",,"Information (i.e. referrals, educational materials), Professional Services (i.e. medical appointments, legal counseling)",Free,"Education, Jobs",,,,,Transitional,"Classes, Neighborhood Events","Services include, residential settings, transitional living, supported independent living, sheltered employment, mobile work crews, supported employment, community inclusion, and behavioral support. 

Adult Day programs, which offer an opportunity for individuals to acquire and improve skills that will empower them to access activities and relationships of their choice. The Adult Day Training program offers individuals opportunities for work, education, community integration, recreation, and socialization. During these programs, individuals are taught skills needed to work in the community or in the onsite workshop. There are Adult Basic Education classes that are offered through the Alachua County School Board, which are available 4-6 hours per day (During office hours). Individuals may choose the classes that they would like to take based on their interests or needs. Classes that are offered, include cooking, math, reading and writing, personal safety, self-care skills, and arts and crafts. 

There is vocational training offered from a variety of training sites, which include assembly and packaging, general recycling services, secure document destruction, e-waste recycling, and supported employment program. All vocational training inquiries should be directed to Kim Johnson, Arc-2-Work Manager at (352) 334-4060  Ext: 110. 

Local, social gathering events are posted on their website via Arc Calendar. 

LiveScan Fingerprinting, Screening and Photo Capture services are provided. Information is included on their website for scheduling, required documentation, and fees. ",,,,,,,,,Alachua County,,,Adults and children with developmental disabilities ,,,,Yes,,,,,,,,,"English, Spanish",Always Available,
6/24/2020 14:40:27,Victoria,Humane Society of North Central Florida - North Campus,"Community-based organization that provides resources for pets and pet owners by eliminating needless euthanasia of healthy, treatable pets by providing adoption and fostering services. ",https://www.humanesocietyncfl.org/,Yes,,Chelsea Bower,Associate Director ,,(352) 373-5855,,,,,Human Society of NCFL - North Campus,4205 NW 6th Street ,,Gainesville,32609,North Campus Main Phone Number ,(352) 373-5855,,,,,,,,,,,,,,Weekly,"Monday, Tuesday, Wednesday, Thursday, Friday",8:00:00 AM,6:00:00 PM,8:00:00 AM,6:00:00 PM,8:00:00 AM,6:00:00 PM,8:00:00 AM,6:00:00 PM,8:00:00 AM,6:00:00 PM,,,,,,,,"Due to the COVID-19 pandemic, hours are subject to change. 

Thrift Store Hours: Tuesday - Saturday, 10:00 AM - 6:00 PM 
Thrift Store Donation Hours: Tuesday - Saturday, 10:00 AM - 4:00 PM
Adoption Hours: Thursday - Sunday, 12:00 PM - 6:00 PM 
Vaccine Clinic Hours: Tuesday - Thursday, 10:00 AM - 5:00 PM and Wednesday, 1:00 PM - 4:00 PM 
Operation Petsnip Spay and Neuter Clinic: 8:00 AM - 5:30 PM  (Contact information (352) 373-5855  Ext. 713) ",,"Information (i.e. referrals, educational materials)","Free, Discounted",,,,,,,,"Pet adoption and fostering services, spay and neutering procedures, vaccinations, and a thrift store. ",,,,,,,,,Alachua County,,,"An adoption application must be completed and approved prior to adopting a pet. Some [adoptable] pets may require an adoption fee, which will be indicated during the adoption process. ",,Yes,Applications must be completed and approved prior to adopting any pet(s) ,Yes,,,,,,,,,English,,
6/24/2020 14:48:14,Victoria ,Humane Society of North Central Florida - South Campus,"Community-based organization that provides resources for pets and pet owners by eliminating needless euthanasia of healthy, treatable pets by providing adoption and fostering services. ",https://www.humanesocietyncfl.org/,Yes,,Chelsea Bower ,Associate Director ,,(352) 373-5855,,,,,Humane Society of North Central Florida - South Campus,5403 SW Archer Road ,,Gainesville,32608,Humane Society of NCFL South Campus Mainline ,(352) 692-4773,,,,Unknown,,,,,,,,,,"Weekly, Monthly",,,,,,,,,,,,,,,,,,,This office is currently closed due to the COVID-19 pandemic. Hours of operation and services are subject to change once the office is operational. All inquiries should be directed to the North Campus at this time. ,,"Information (i.e. referrals, educational materials)","Free, Discounted",,,,,,,,Pet adoption and fostering services ,,,,,,,,,Alachua County,,,"Application must be completed and approved prior to adopting any pet(s). Some [adoptable] pets may require an adoption fee, which will be indicated prior to the adoption process. Renters must have prior approval from their landlord before adopting. ",,Yes,Must be completed and approved prior to adopting any pet(s) ,,,,,,,,,,English,,This information will need to be updated after COVID-19 
6/29/2020 15:44:18,Dieu Tran,George and Cabrera Immigration Attorneys ,"Legal consultation and services for immigration, immigration law, naturalization and asylum, green card, temporary and permanent visas, deportation defense, criminal convictions, and hardship waivers.",http://www.georgeandcabrera.com,No,,Yamilette Martinez-Suarez,Front Desk Assistant,info@georgeandcabrera.com,3523783634,,,,,Gainesville,"4400 NW 23rd Avenue, Suite E",,Gainesville,32606,Main,3523783634,,, info@georgeandcabrera.com,"10, 43",,,,,,,,,,Weekly,"Monday, Tuesday, Wednesday, Thursday, Friday",8:00:00 AM,5:00:00 PM,8:00:00 AM,5:00:00 PM,8:00:00 AM,5:00:00 PM,8:00:00 AM,5:00:00 PM,,,,,,,,Fridays = appointment only ,,,,"Information (i.e. referrals, educational materials), Professional Services (i.e. medical appointments, legal counseling)","Free, Discounted",,,"Immigration, Legal & Pro Bono",Education & Advocacy,,,,"Citizenship & Naturalization: Adjustment of Status, Green Card, Residential Status

Visas & Asylum: Temporary Visas for business or educational purposes, Specialty Occupations, Academic Studies, Practical Studies, Fiancé, Political Asylum, U-Visas (Domestic Violence)

Deportation Defense: Undocumented Entries, Visa Overstay, Working without authorization, Criminal convictions
",,,,,,,,,,,,No specific eligibility details. All clients from all backgrounds are welcome. ,,No,,Yes,Yes,Yes,"In-person at the office, By phone, On website",3523783634,info@georgeandcabrera.com,http://www.georgeandcabrera.com/contact-us/,,No,"English, Spanish",Always Available,
6/29/2020 16:09:35,Dieu Tran,Girls on the Run,"Girls on the Run: 3rd-5th grade
Heart and Sole: 6th-8th grade
Camp GOTR: 3rd-5th grade
Promotes girls' development and strives to inspire girls to live joyful, healthy and confident lifestyles through exercise",https://www.alachuagotr.org,Yes,,Deidre Dodd,Alachua County Coordinator,deidre.dodd@girlsontherun.org,3523187831,,,,,Main Office,PO BOX 142941,,Gainesville,32614,Office,3523187831,,,https://www.alachuagotr.org/our-locations,,,Deidre Dodd,,deidre.dodd@girlsontherun.org,3523187831,Contact Deidre for information as locations and hours vary ,,,,Weekly,"Monday, Tuesday, Wednesday, Thursday, Friday",,,,,,,,,,,,,,,,,,Hours depend on the location. Location may vary. All locations are currently closed due to COVID-19 ,,,"Free, Discounted",,,,,,,Camps & Programs,"Trained coaches lead small teams through our research-based curricula which includes dynamic discussions, activities and running games. Through a ten-week program, girls in 3rd-8th grade develop essential skills to help them navigate their worlds and establish a lifetime appreciation for health and fitness. The program offers a celebratory 5K event at the end of each season. ",,8,14,,,Student,Grades 1-11,,Alachua County,,,Program is offered to 3rd-8th grade girls. Income does not affect eligibility but it affects pricing. ,,Yes,Application can be found at https://www.alachuagotr.org/Register-Now,No,Yes,Yes,"In-person at the office, By phone, On website",,,https://www.alachuagotr.org/Register-Now,,No,"English, Others Upon Request",,Locations and registration are currently closed until further notice 
8/12/2020 17:42:04,Beatrice Dorestil,HealthStreet,"HealthStreet is a Community Engagement Program that provides community members with opportunities to be involved in research studies, while offering free medical and social services.",http://healthstreet.program.ufl.edu/,No,,Beatrice Dorestil,Director of Operations,kerlande24@ufl.edu,352-294-4880,,,,,HealthStreet,2401 SW Archer Rd,,Gainesville,32608,Main,352-294-4880,,,HealthStreet@ufl.edu,"1, 9, 12, 35, 38",,,,,,,,,,"Weekly, Ad-hoc","Monday, Tuesday, Wednesday, Thursday, Friday",9:59:59 AM,8:00:00 PM,9:59:59 AM,6:59:59 PM,9:59:59 AM,6:00:00 PM,9:59:59 AM,6:00:00 PM,9:59:59 AM,3:59:59 PM,,,,,,Every Wednesday and Friday from 1-4pm,,,,"Information (i.e. referrals, educational materials)",Free,Clothing,,,,,,"Classes, Computers & Labs","Clothing Closet, Toiletry Pantry, Narcan nasal spray and Deterra Deactivation pouches",,18,100,0,,"Employed full time, Employed part time, Unemployed, Student, Volunteer, Retired, Homemaker, Self-employed, Unable to work","Grades 1-11, 12th Grade (No Diploma), Regular High School Diploma, GED or alternative credential, Some college credit, Vocational Certificate, Associate’s Degree, Bachelor’s Degree, Master’s Degree, Doctorate Degree","Homeless, In Shelter, Rent, Own, Other","City of Gainesville, Alachua County","Female, Male, Non-Binary","Native American or Alaskan Native, White or Euro-American, Black, Afro-Caribbean, or African American, Latinx or Hispanic American, Middle Eastern or Arab American, South Asian or South Asian American, East Asian, South East Asian or Asian American, Native Hawaiian, Other Pacific Islander or Pacific Islander American",HealthStreet free and open to everyone,,Yes,Free intake process,Yes,Yes,No,"In-person at the office, By phone, On website",352-294-4880,HealthStreet@ufl.edu,http://healthstreet.program.ufl.edu/,,Yes,"English, Others Upon Request",By Appointment Only,"Please update the information for HealthStreet with the information I just included, thanks."
8/13/2020 8:55:54,,,,,,Yes,,,,,,,,,,,,,,,,,,,,,,,,,,,,,,,,,,,,,,,,,,,,,,,,,,,,,,,,,,,,,,,,,,,,,,,,,,,,,,,,,,,,,,
8/13/2020 8:58:32,,,,,,Yes,,,,,,,,,,,,,,,,,,,,,,,,,,,,,,,,,,,,,,,,,,,,,,,,,,,,,,,,,,,,,,,,,,,,,,,,,,,,,,,,,,,,,,
8/13/2020 11:22:58,jacqueline,test,,,,Keep going,test,,,,,,,Save and come back later,,,,,,,,,,,,,,,,,,,,,,,,,,,,,,,,,,,,,,,,,,,,,,,,,,,,,,,,,,,,,,,,,,,,,,,,,,,,,,
8/13/2020 16:59:50,William Maloney,North Central Florida Intergroup,Provides support services for Alcoholics Anonymous in North Central Florida,https://www.AAGainesville.org,,Keep going,William Maloney,Webmaster,webmaster@AAGainesville.org,,,,,,Intergroup Office,2632 NW 43rd Street,Suite 1182,Gainesville,32606,Office and hotline,352-372-8091,,,office.manager@AAGainesville.org,43,,,,,,,,,,Weekly,"Tuesday, Wednesday, Thursday, Friday, Saturday",,,2:00:00 PM,5:00:00 PM,2:00:00 PM,5:00:00 PM,11:00:00 AM,6:00:00 PM,11:00:00 AM,6:00:00 PM,11:00:00 AM,2:00:00 PM,,,,,,,,"Information (i.e. referrals, educational materials)",,Education,,,,Substance Abuse,,,Literature and supplies for A.A. groups and individuals,,,,,,,,,,,,,,No,,Yes,No,No,,,,,,No,English,,
8/13/2020 17:26:59,Nicholas Hauzer,ElderCare of Alaachua County,"The Mission of ElderCare of Alachua County is to be an advocate for the elderly and provide services that will build capacity, maximize independence, and enrich the quality of life for the seniors in Alachua County and north central Florida.",https://eldercare.ufhealth.org/,No,Keep going,Nick Hauzer,"Manager, Senior Recreation Center & Volunteer Services",Nhau0001@Shands.ufl.edu,352-265-9040,,,,Keep going,Senior Recreation Center,5701 NW 34th BLVD,,Gainesville,32653,Main,352-265-9040,,,Nhau0001@Shands.ufl.edu,8,Keep going,Nick Hauzer,"Manager, Senior Recreation Center & Volunteer Services",Nhau0001@Shands.ufl.edu,352-265-9040,,,,Keep going,Weekly,"Monday, Tuesday, Wednesday, Thursday, Friday",8:00:00 AM,5:00:00 PM,8:00:00 AM,5:00:00 PM,8:00:00 AM,5:00:00 PM,8:00:00 AM,5:00:00 PM,8:00:00 AM,5:00:00 PM,,,,,,,,,Keep going,"Information (i.e. referrals, educational materials)","Free, Discounted","Education, Transportation",Covid-19,,"Food Pantry / Distribution Site, Serving prepared meals",Vision,,"Classes, Computers & Labs","Located in Gainesville, the Senior Recreation Center is a 17,000-square-foot recreation and activity center. ElderCare of Alachua County and other community agency staff coordinate enriching and enjoyable programming for local seniors at the center. It exemplifies the state’s definition of a multi-service senior center, in part, by offering a comprehensive array of programs and services to meet the diverse needs of younger baby boomers, older seniors and their care givers.",Keep going,60,,,,,,,"City of Gainesville, Alachua County",,,60 years of age ,Keep going,Yes,https://eldercare.ufhealth.org/senior-recreation-center/,Yes,Yes,Yes,"In-person at the office, By phone, On website",352-265-9040,,,Keep going,Yes,"English, Others Upon Request","Always Available, By Appointment Only, Over Phone",NA
8/14/2020 9:39:28,Jessica Tisdale,ELC of Alachua County,"In addition to providing financial assistance for child care and school readiness, the ELC of Alachua is statutorily required to build a coalition of partners and advocates to coordinate local services for children from birth through kindergarten.",http://www.elcalachua.org,No,Keep going,ELC of Alachua County,,eligibility@elcalachua.org,352-375-4110 ext 100,,,,Keep going,,4424 NW 13th Street A-5 ,,Gainesville,32609,Main,352-375-4110 Ext 100,,,,,Keep going,,,,,,,,Keep going,,"Monday, Tuesday, Wednesday, Thursday, Friday",8:00:00 AM,5:00:00 PM,8:00:00 AM,5:00:00 PM,8:00:00 AM,5:00:00 PM,8:00:00 AM,5:00:00 PM,8:00:00 AM,5:00:00 PM,,,,,,,,Families can be seen by a Specialist on Monday thru Thursday from 8am to 11am. We take appointments and walk-ins. ,Keep going,"Information (i.e. referrals, educational materials), Money (i.e. rent payment assistance, transportation vouchers)","Free, Discounted",Education,,,,,,"Childcare, Computers & Labs","We offer families financial assistance with childcare and School Readiness. We also assist in registering for VPK. Along with School Readiness and VPK, we offer CCR&R services. These services assist our families and the community, by connecting families with agencies that can help with their needs outside of childcare. ",Keep going,0,13,,,,,,Alachua County,,,We provide financial assistance for childcare and School Readiness for children ages birth to 13 years old. We provider CCR&R services to families of all ages and demographics. ,Keep going,Yes,"You can apply for VPK, School Readiness, or childcare through the Family Portal. The website for  ELCAC is www.elcalachua.org.",Yes,Yes,No,"In-person at the office, By phone",352-375-4110 ext 100,eligibility@elcalachua.org,,Keep going,Yes,"English, Others Upon Request",Over Phone,
8/14/2020 11:36:36,Jeff Lee,"ElderCare of Alachua County, Inc.","The Mission of ElderCare of Alachua County is to be an advocate for the elderly and provide services that will build capacity, maximize independence, and enrich the quality of life for the seniors in Alachua County and north central Florida.",https://eldercare.ufhealth.org/,No,Keep going,Jeff Lee,"Manager, Program Operations",leejb@shands.ufl.edu,352-265-9040,,,,Keep going,N/A,5701 NW 34th Blvd,,Gainesville,32653,352-265-9040,,,,,RT 8,Keep going,SAME AS HEADQUARTERS,SAME AS HEADQUARTERS,,,,,,Keep going,Weekly,"Monday, Tuesday, Wednesday, Thursday, Friday",8:00:00 AM,5:00:00 PM,8:00:00 AM,5:00:00 PM,8:00:00 AM,5:00:00 PM,8:00:00 AM,5:00:00 PM,8:00:00 AM,5:00:00 PM,,,,,,,,,Keep going,"Information (i.e. referrals, educational materials), Goods (i.e. food, medication)",Free,Transportation,Covid-19,,Serving prepared meals,,,,"Home and Community based services including meals on wheels, respite care, lifeline alert buttons, homemaking. We also operate the Senior Rec center and Al'z Place, our adult daycare center as well as providing our Independence with Low Vision program.",Keep going,60,,,,,,,Alachua County,,,"for most programs, recipient must be 60, with some exceptions (Al'z Place, low vision program where 18 is the minimum.",Keep going,Yes,"Variable, depending on program",No,,Yes,By phone,352-265-9040,,,Keep going,Yes,English,By Appointment Only,"Poor layout, not enough free text boxes to explain variations in process, services offered or eligibility"
8/14/2020 12:41:23,Linda Stegall Henry,Gainesville Multiple Myeloma Support Group,"Welcome patients, caregivers, family, and friends to a relaxed atmosphere where you come away with knowledge, loving support and much laughter. Meets 2nd Monday of each month at 5:30. Due to Covid-19, meetings are temporally canceled.",,No,Keep going,Linda Stegall Henry,Facilitator,lshenry65@gmail.com,352-529-7050,,,,Keep going,Gainesville Cancer Specialist,6420 West Newberry Rd.,,"Gainesville, Florida",32605,,,,,,,Keep going,,,,,,,,Keep going,"Monthly, Specific Dates",,,,,,,,,,,,,,,,Second Monday at 5:30 pm,,,,Keep going,"Professional Services (i.e. medical appointments, legal counseling)",Free,,,,,"Disease specific (Cancer, HIV, Diabetes)",,,"Support Group for Multiple Myeloma patients, caregivers, family, and friends.",Keep going,,,,,Volunteer,,,,,,,Keep going,No,,Yes,,,,,,,Keep going,No,English,,
8/14/2020 13:53:52,Tina Treloar,Santa Fe College Dental Clinic ,"Treatment is performed by SF and UF students under the supervision of faculty. Services include x-rays, cleanings, fillings, crowns. Offered by appointment only. No emergency services, extractions, surgery, orthodontics or root canal therapy.",https://www.sfcollege.edu/health/dental-programs/dental-clinic-at-sf/index,No,Keep going,Cindy Carstens ,Clinic Coordinator ,dental@sfcollege.edu,352-395-5655,"All calls will be directed to a message line. You may leave a voice message to request an appointment. If your dental needs align with student needs at that time, you may receive a call back from our clinic coordinator to schedule an appointment.",,,Keep going,Santa Fe College ,3000 NW 83rd Street,W71,Gainesville,32606,352-395-5655,,,,,,Keep going,,,,,,,,Keep going,Weekly,"Monday, Tuesday, Wednesday, Thursday, Friday",8:29:59 AM,5:00:00 PM,8:29:59 AM,5:00:00 PM,8:29:59 AM,5:00:00 PM,8:29:59 AM,5:00:00 PM,8:29:59 AM,5:00:00 PM,,,,,,,,,Keep going,"Professional Services (i.e. medical appointments, legal counseling)",Discounted,,,,,Dental,,,,Keep going,12,,,,,,,,,,,Keep going,No,,No,Yes,Yes,By phone,395-35-5655,dental@sfcollege.edu,,Keep going,,English,By Appointment Only,
8/14/2020 15:47:50,John C Barli,Catholic Charities,"We are a non profit 501 c 3 and our overall mission is poverty reduction and sustainability. We offer a food pantry for emergency food, Weekend Hunger Backpack program, English as a Second Language classes and Financial Literacy classes.",http://cathotliccharitiesgainesville.org,No,Keep going,John C Barli,Regional Director,jbarli@ccgnv.org,3522246440,,3523720294,,Keep going,Catholic Charities,1701 NE 9 Street,,Gainesville,32609,3523720294,,,,lporter@ccgnv.org,15,Keep going,Jackie Oliver,Emergency Assistance Coordinator,joliver@ccgnv.org,3720294,,,,Keep going,Weekly,"Monday, Tuesday, Wednesday, Thursday",9:30:00 AM,12:30:00 AM,9:30:00 AM,12:30:00 AM,9:30:00 AM,12:30:00 AM,9:30:00 AM,12:30:00 AM,,,,,,,,,,,Keep going,"Information (i.e. referrals, educational materials), Money (i.e. rent payment assistance, transportation vouchers), Goods (i.e. food, medication)",Free,Education,"Covid-19, Disaster, Eviction","Adoption, Utilities","Education & Advocacy, Food Pantry / Distribution Site",Counseling,,,"Pregnancy Counseling, Financial Literacy Classes, English as a Second Language classes",Keep going,,,,,,,,,,,We help any one in need,Keep going,Yes,varies by program,Yes,Yes,No,By phone,3720294,joliver@ccgnv.org,,Keep going,Yes,"English, Spanish",By Appointment Only,
8/16/2020 7:51:26,Denise Schentrup,Archer Family Health Care,Archer Family Health Care is a nurse-led primary care practice that provides health care to individuals and families.  We have a integrated approach and include psychiatric services if needed.  Health care is provided to all ages.  ,https://afhc.nursing.ufl.edu/,No,Keep going,Joan Newell Walker,Practice Manager,jowalker@ufl.edu,352-265-2550,,,,Keep going,NA,16939 SW 134th Ave,,Archer,32618,Main office,352-265-2550,,,,,Keep going,Denise Schentrup,Clinic Director,dschen@ufl.edu,352-265-2550,,352-278-0132,,Keep going,Weekly,"Monday, Tuesday, Wednesday, Thursday, Friday",8:00:00 AM,4:30:00 PM,8:00:00 AM,4:30:00 PM,8:00:00 AM,4:30:00 PM,8:00:00 AM,4:30:00 PM,8:00:00 AM,4:30:00 PM,,,,,,,,Closed from 1230-130pm for lunch,Keep going,"Professional Services (i.e. medical appointments, legal counseling)",Discounted,,,,,"Counseling, Medical, Pediatrics, Women’s Health",,,,Keep going,0,100,0,,,,,,"Female, Male, Non-Binary","Native American or Alaskan Native, White or Euro-American, Black, Afro-Caribbean, or African American, Latinx or Hispanic American, Middle Eastern or Arab American, South Asian or South Asian American, East Asian, South East Asian or Asian American, Native Hawaiian, Other Pacific Islander or Pacific Islander American",,Keep going,No,,Yes,Yes,Yes,"In-person at the office, By phone",352-265-2550,jowalker@ufl.edu,,Keep going,No,"English, Spanish, Others Upon Request",Always Available,
8/17/2020 11:24:39,Autumn Santos,CDS Family & Behavioral Health Services,"We target familial strength through prevention, counseling, and youth shelters.  Our organization’s mission statement encompasses our work: “Strengthening Communities by Building Strong Families.” ",https://www.cdsfl.org/,Yes,Keep going,Autumn Santos,Community Outreach Specialist,autumn_santos@cdsfl.org,3522440628 ext. 3865,,,,Keep going,Family Action Counseling/SNAP Office,3615 SW 13th St. Suite 4,,Gainesville,32608,Main,352 244 0626,,,,,Keep going,Interface Youth Shelter,Main,,(352) 244-0618,,,,Keep going,"Weekly, Monthly, Specific Dates, Ad-hoc","Monday, Tuesday, Wednesday, Thursday, Friday, Saturday, Sunday",9:00:00 AM,5:00:00 PM,9:00:00 AM,5:00:00 PM,9:00:00 AM,5:00:00 PM,9:00:00 AM,5:00:00 PM,9:00:00 AM,5:00:00 PM,,,,,,,,"Our Interface Youth Shelter is open 24/7, 365 days a year. SNAP programming takes place from 6pm-8pm. ",Keep going,"Information (i.e. referrals, educational materials)",Free,,Violence & Abuse,,,Counseling,Crisis Shelter,,"Residential shelter services for youth 10-17, free counseling for youth and families, and behavioral management programs for youth aged 6-11. ",Keep going,6,17,,,,,,,,,,Keep going,No,,Yes,Yes,No,"In-person at the office, By phone, On website",3522440628,,https://www.cdsfl.org/,Keep going,Yes,"English, Spanish, Others Upon Request",Always Available,
8/19/2020 14:00:32,Lenora Mazlaghani,Christians Concerned for the Community,"CCC focuses on empowering our neighbors in crisis, low income elderly neighbors, and low income neighbors with disabilities. ",http://cccgainesville.org/,No,Keep going,Lenora Mazlaghani,Social Service/Office Admin,office@cccgainesville.org,3523581768,,,,Keep going,N/A,,,,,,,,,,,Keep going,,,,,,,,Keep going,Weekly,"Tuesday, Wednesday, Thursday",,,9:59:59 AM,3:00:00 PM,9:59:59 AM,3:00:00 PM,9:59:59 AM,3:00:00 PM,,,,,,,,,,,Keep going,"Information (i.e. referrals, educational materials), Goods (i.e. food, medication)",,,,,,,,,1. Furniture assistance.  2. Wheelchair ramp building  3. Yard work (not provided regularly)   Most services are dependent on volunteer availability.,Keep going,18,,,,,,,"City of Gainesville, Alachua County",,,Eligibility is determined individually.,Keep going,No,,,,,,,,,Keep going,,,,
8/20/2020 9:58:10,Keyosha Monroe,Three Rivers Legal Services,"Three Rivers is a non-profit law firm providing free legal help with offices in Gainesville, Jacksonville, and Lake City, Florida. We are dedicated to the provision of quality legal assistance to the poor, abused, disabled, and elderly.",https://www.trls.org/,No,Keep going,Keyosha Monroe ,HR Director ,keyosha.monroe@trls.org,3524152320,,,,Keep going,N/A,1000 NE 16th Avenue,Bldg. I,Gainesville,32601,3523720519,Main,18662568091,Toll-free ,,,Keep going,Keyosha Monroe,HR Director,keyosha.monroe@trls.org,3524152320,,,,Keep going,Weekly,"Monday, Tuesday, Wednesday, Thursday, Friday",8:29:59 AM,5:00:00 PM,8:29:59 AM,5:00:00 PM,8:29:59 AM,5:00:00 PM,8:29:59 AM,5:00:00 PM,8:29:59 AM,5:00:00 PM,,,,,,,,Closed for lunch from 12:00 PM - 1:00 PM ,Keep going,"Information (i.e. referrals, educational materials), Professional Services (i.e. medical appointments, legal counseling)",Free,,"Eviction, Violence & Abuse",Legal & Pro Bono,,,,,Provide free civil legal help to low-income residents.,Keep going,,,,,,,,Alachua County,,,Eligibility determination conducted through an intake process.,Keep going,Yes,The initial intake process conducted over the telephone. ,Yes,,Yes,By phone,18662568091,,https://www.trls.org/,Keep going,,"English, Spanish, Others Upon Request",Always Available,
8/25/2020 8:40:48,Allyson Schmitz,Palms Medical Group,"Palms Medical Group is a not-for-profit health care provider committed to bringing quality, affordable primary care and preventative services to you and your family. We accept most public and private insurances, as well as uninsured patients.",https://palmsmg.org,Yes,Keep going,Allyson Schmitz,Marketing Specialist,aschmitz@palmsmg.org,(386) 454-0698,Administration,(352) 210-3412,Cell Phone,Keep going,Palms Medical Group - Gainesville,1014 Northwest 57 Street,,Gainesville,32605,Office,352-376-8211,Scheduling,(888) 730-2374,,,Keep going,Tim Dean,Regional Manager,tdean@palmsmg.org,352-376-8211,,,,Keep going,Weekly,"Monday, Tuesday, Wednesday, Thursday, Friday",8:00:00 AM,5:00:00 PM,8:00:00 AM,5:00:00 PM,8:00:00 AM,5:00:00 PM,8:00:00 AM,5:00:00 PM,8:00:00 AM,5:00:00 PM,,,,,,,,,Keep going,"Professional Services (i.e. medical appointments, legal counseling)",Discounted,,Covid-19,,,"Counseling, Dental, Medical, Pediatrics, Pharmacy, Substance Abuse, Vision, Women’s Health",,,"Palms Medical Group offers a variety of services to meet your needs including Behavioral Health Care, Chiropractic, Dentistry, Family Medicine, Pediatrics, Prenatal, Pharmacy, Labs and X-rays. ",Keep going,,,,,,,,,,,,Keep going,,,Yes,Yes,No,"In-person at the office, By phone, On website",(888) 730-2374,,https://palmsmg.org/request-an-appointment,Keep going,No,"English, Spanish, Creole, Haitian, Others Upon Request",Always Available,
8/25/2020 14:21:58,Brittani Trimble ,Hitchcock Field & Fork Pantry ,"The Hitchcock Field & Fork Pantry is a free resource for UF students, staff, and faculty who are in need of food resources. A valid UFID is required to use the Pantry. ",https://pantry.fieldandfork.ufl.edu/,No,Keep going,Brittani Trimble ,Opperations Coordinator,fieldandfork@ufl.edu,3522943601,,,,Keep going,University of Florida ,564 Newell Dr,,Gainesville,32601,Main : (352) 294-3601,,,,fieldandfork@ufl.edu ,"13, 9, 36, 34",Keep going,,,,,,,,Keep going,Weekly,"Monday, Tuesday, Wednesday, Thursday, Friday",,,,,,,,,,,,,,,,Our hours change every semester. Please visit our website for more information.,,The Pantry Hours change every semester. please visit our website for updated operating hours. ,Keep going,"Goods (i.e. food, medication)",Free,,,,Food Pantry / Distribution Site,,,,Free food and other supplies to any UF Community member in need. ,Keep going,,,,,Student,,,,"Female, Male, Non-Binary",,"You must be a current UF student, staff, or faculty member with a valid UFID card. ",Keep going,No,,Yes,,No,,,,,,,"English, Spanish, Haitian",,
8/26/2020 8:32:18,Millie Crawford,Regional Transit System,RTS- City of Gainesville Fixed Route Bus system,http://go-rts.com/,Yes,Keep going,Millie Crawford,ADA Transit Coordinator,crawfordma1@cityofgainesville.org,352-393-7826,,352-334-2650,,Keep going,RTS Admin Bldg,34 SE 13th Rd,,Gainesville,32601,"Main, 8:00 AM to 5:30 PM",352-334-2600,"Customer Service, 8:00 AM to 5:30 Pm",352-393-7850,rts@cityofgainesville.org,Route 17,Keep going,Same as Headquarters,Customer Service,rts@cityofgainesville.org,352-334-2600,,,,Keep going,Weekly,"Monday, Tuesday, Wednesday, Thursday, Friday, Saturday, Sunday",6:00:00 AM,2:00:00 AM,6:00:00 AM,2:00:00 AM,6:00:00 AM,2:00:00 AM,6:00:00 AM,2:00:00 AM,6:00:00 AM,2:00:00 AM,6:59:59 AM,6:59:59 PM,9:00:00 AM,6:00:00 PM,N/A,See RTS Website or Schedule book for changes,,N/A,Keep going,,,Transportation,,,,,,,"Public Transportation, with ADA certification, Seniors, Students, Medicaid, or Veterans receive discounted rates ",Keep going,,,,,,,,,,,"Children under 6 have to be accompanied, no other requirements for public Transportation",Keep going,Yes,for ADA certification through the Center for Independent Living (CIL) ,No,Yes,Yes,By phone,352-378-7474,,,Keep going,Yes,"English, Spanish, Others Upon Request",Over Phone,
8/26/2020 11:57:14,Ali Martinez ,Alachua County Crisis Center ,The Alachua County Crisis Center offers 24 hr/day crisis and suicide intervention phone counseling and services to all residents of Alachua County. ,https://alachuacounty.us/Depts/CSS/CrisisCenter/Pages/CrisisCenter.aspx,No,Keep going,Ali Martinez ,Director ,amartinez@alachuacounty.us,352-264-6792,,,,Keep going,,218 SE 24th Street ,,Gainesville ,32641,352-264-6785,,,,,,Keep going,,,,,,,,Keep going,Weekly,"Monday, Tuesday, Wednesday, Thursday, Friday, Saturday, Sunday",12:00:00 AM,11:58:59 PM,12:00:00 AM,11:58:59 PM,12:00:00 AM,11:58:59 PM,12:00:00 AM,11:58:59 PM,12:00:00 AM,11:58:59 PM,12:00:00 AM,11:58:59 PM,12:00:00 AM,11:58:59 PM,,,,,Keep going,"Information (i.e. referrals, educational materials), Professional Services (i.e. medical appointments, legal counseling)",Free,,"Covid-19, Disaster, Eviction, Violence & Abuse",,,Counseling,,,Crisis and suicide intervention services via 24/7 hotline and counseling services. ,Keep going,,,,,,,,,,,,Keep going,No,,,Yes,,By phone,352-264-6785,,,Keep going,,"English, Spanish, Others Upon Request","Always Available, Over Phone",
8/27/2020 17:16:06,Elliot Harris,City of Alachua Recreation and Culture Department,Municipal government offering recreational opportunities to all citizens of the City of Alachua,https://www.cityofalachua.com,No,Keep going,Elliot Harris,Recreation and Culture Director,eharris@cityofalachua.com,3864621610,,,,Keep going,Cleather Hathcock Center,15818 NW 140th St,,Alachua,32615,3864621610,Legacy Park (Recreation Main),,,,,Keep going,,,,,,,,Keep going,Specific Dates,Tuesday,,,9:00:00 AM,11:00:00 AM,,,,,,,,,,,,,,Food distribution,Keep going,"Goods (i.e. food, medication)",Free,,Covid-19,,Food Pantry / Distribution Site,,,,Due to COVID-19 our operations for food distribution have been moved to St. Matthew Baptist.,Keep going,1,100,0,10000000,"Employed full time, Employed part time, Unemployed, Student, Volunteer, Retired, Homemaker, Self-employed, Unable to work","No Schooling, Kindergarten, Grades 1-11, 12th Grade (No Diploma), Regular High School Diploma, GED or alternative credential, Some college credit, Vocational Certificate, Associate’s Degree, Bachelor’s Degree, Master’s Degree, Doctorate Degree","Homeless, In Shelter, Rent, Own, Other",Alachua County,"Female, Male","Native American or Alaskan Native, White or Euro-American, Black, Afro-Caribbean, or African American, Latinx or Hispanic American, Middle Eastern or Arab American, South Asian or South Asian American, East Asian, South East Asian or Asian American, Native Hawaiian, Other Pacific Islander or Pacific Islander American",There are no eligibility requirements.  All are welcome.,Keep going,No,,Yes,,No,,,,,Keep going,No,English,Over Phone,
8/27/2020 20:42:49,RD Bonnaghan,Rebuilding Together North Central Florida,"Repairing homes, revitalizing communities, rebuilding lives. Rebuilding Together offers a Critical Home Repair program and an Emergency Home Repair Program. More information can be found on our website: rebuildingtogetherncf.org",http://rebuildingtogetherncf.org,No,Keep going,Gina Fontanazza,Office Administrator,mail@rebuildingtogetherncf.org,352-373-2573,,,,Keep going,Rebuilding Together Mailing Address,"4550 SW 41st Blvd, Suite 2",,Gainesville,32608,Main,352-373-2573,,,,,Keep going,,,,,,,,Keep going,Ad-hoc,,,,,,,,,,,,,,,,,"Rebuilding Together offers services on a year-round basis, but takes applications only during designated times. Application information can be found at our website: http://rebuildingtogetherncf.org",,,Keep going,"Professional Services (i.e. medical appointments, legal counseling)",Free,,,,,,Critical Home Repair,,"Critical Home Repair, Emergency Repair",Keep going,,,,,,,Own,"City of Gainesville, Alachua County",,,Owner-occupied housing repair and rehabilitation focused on health and safety.,Keep going,Yes,,No,No,No,,,,,Keep going,Yes,English,,
8/28/2020 11:50:09,Kyle Lindsey,Alachua County Tax Collector,"Property Taxes, Driver License, Vehicle Title and Registration, Concealed Weapon Permit Applications (Downtown Location only), Hunting and Fishing Licenses and Florida Birth Certificates. ",https://www.alachuacollector.com/,Yes,Keep going,Kyle Lindsey,Public Outreach Administrator,KyleLindsey@AlachuaCollector.com,352-264-6914,,,,Keep going,Alachua County Tax Collector-Downtown,12 SE 1st Street,,Gainesville,32601,352-374-5236,,,,ACTCInformation@alachuacollector.com,Yes,Keep going,Kyle Lindsey,Public Outreach Administrator,ACTCInformation@alachuacollector.com,352-264-6914,,,,Keep going,Weekly,"Monday, Tuesday, Wednesday, Thursday, Friday",8:29:59 AM,4:30:00 PM,8:29:59 AM,4:30:00 PM,8:29:59 AM,4:30:00 PM,8:29:59 AM,4:30:00 PM,8:29:59 AM,4:30:00 PM,,,,,,,,,Keep going,"Professional Services (i.e. medical appointments, legal counseling)",,,,"Photo ID & Voter Registration, Taxes",,,,,"Property Taxes, Driver License, Vehicle Title and Tag Registration, Concealed Weapon Permits, Hunting & Fishing, Florida Birth Certificates",Keep going,,,,,,,,,,,,Keep going,,,No,Yes,Yes,On website,,,https://book.appointment-plus.com/6kznhmqx/#/,Keep going,,,,
8/28/2020 15:22:25,Cathy Winfrey,Healthy Families ACUB ,"Healthy Families is a free, voluntary program that provides families with useful information on parenting and child development.  Services include home visitation, parent education and support, counseling services, parent groups and more.",http://www.healthyfamiliesfla.org/,No,Keep going,Cathy Winfrey,Program Manager,cwinfrey@ufl.edu,352-294-5530,,,,Keep going,University of Florida Healthy Families,"6011 NW 1st Place, Suite 20",,Gainesville,32607,"Outreach Office, M-F, 7am-5pm",352-294-5530,,,cwinfrey@ufl.edu,,Keep going,Cathy Winfrey,Program Manager,cwinfrey@ufl.edu,352-294-5530,,,,Keep going,Weekly,"Monday, Tuesday, Wednesday, Thursday, Friday, Saturday",6:59:59 AM,5:00:00 PM,6:59:59 AM,5:00:00 PM,6:59:59 AM,5:00:00 PM,6:59:59 AM,5:00:00 PM,6:59:59 AM,5:00:00 PM,8:00:00 AM,12:00:00 PM,,,,,,,Keep going,"Information (i.e. referrals, educational materials)",Free,"Clothing, Education",Violence & Abuse,,Education & Advocacy,"Counseling, Women’s Health",,,"Services include home visitation, parent education and support about babies' developmental milestones, brain building activities, safety topics, counseling services, parent groups and more.",Keep going,,,,,,,,,,,This program is for parents expecting a baby or have a baby less than 3-months-old,Keep going,No,,No,Yes,Yes,By phone,352-294-5530,cwinfrey@ufl.edu,,Keep going,Yes,English,Over Phone,"Under normal circumstances, we are a home visiting program.  During COVID, we a conducting our ""visits"" over the phone using the Zoom App."
8/29/2020 1:12:24,Warriors for Christ,Warriors for Christ. Inc.,We were here surprised our church group is high as goal is to save souls and meet whatever needs in the community feeding homeless and teaching them so you don't work you don't eat. Psalms 41:1,http://www.warriors-for-christ.org,No,Keep going,John Deane,President,lordjohnny777@gmail.com,3522466623,,,,Keep going,Hot spot feeding,Down town plaza,,Gainesville,32605,3522466623,3522466623,,,lordjohnny777@gmail.com,,Keep going,,,,,,,,Keep going,Weekly,Sunday,12:00:00 PM,,,,,,,,,,,,3:59:59 PM,6:00:00 PM,,,,,Keep going,"Goods (i.e. food, medication)",Free,,,,,,,,We are a church group and offer a church service and feeding free of charge,Keep going,,,,,,,,,,,Any one,Keep going,No,,Yes,No,No,,,,,Keep going,,,,
8/31/2020 11:50:25,Andrew,Taylor Dentistry,"If you are looking for a great place to smile look no further than Taylor Dentistry. Our use of the latest technology and advanced family, cosmetic, and restorative dental techniques can help you and your family maintain a lifetime of healthy smiles.",https://www.taylordentistry.com,No,Keep going,Andrew Taylor,Office Manager,office@taylordentistry.com,352-376-3400,,,,Keep going,N/A,500 NW 43rd St #4,,Gainesville,32607,Main,352-376-3400,,,,,Keep going,,,,,,,,Keep going,Weekly,"Monday, Tuesday, Wednesday, Thursday",8:00:00 AM,5:00:00 PM,8:00:00 AM,5:00:00 PM,8:00:00 AM,5:00:00 PM,8:00:00 AM,5:00:00 PM,,,,,,,,,,,Keep going,"Professional Services (i.e. medical appointments, legal counseling)",,,,,,Dental,,,,Keep going,,,,,,,,,,,,Keep going,,,,Yes,Yes,"In-person at the office, By phone, On website",352-376-3400,,,Keep going,,,,
8/31/2020 13:50:53,Reese,Altrusa House,Altrusa House is an adult day time health care facility.,www.AltrusaHouse.com,No,Keep going,Lee Johnson,Director ,ljohnson@fl.easterseals.com,352-377-7708,,,,Keep going,N/A,2002 NW 36 Avenue,,Gainesville,32605,"Main, 7-5:30, Mon-Fri",352-377-7708,,,altrusa.calendar@gmail.com,,Keep going,Same as HQ,,,,,,,Keep going,Weekly,"Monday, Tuesday, Wednesday, Thursday, Friday",6:59:59 AM,5:29:59 PM,6:59:59 AM,5:29:59 PM,6:59:59 AM,5:29:59 PM,6:59:59 AM,5:29:59 PM,6:59:59 AM,5:29:59 PM,,,,,,,,,Keep going,"Professional Services (i.e. medical appointments, legal counseling)",,,,,Serving prepared meals,Medical,,,Altrusa House offers activities for improved cognition and exercises to strengthen motor skills.,Keep going,18,100,,,,,,,,,,Keep going,Yes,,No,Yes,Yes,"In-person at the office, By phone",(352) 377-7708,,,Keep going,,English,,
8/31/2020 16:41:33,Marvene Edwards,Positively U ,Positively U is a Stars Pharmacy Program it gives individuals an opportunity to,facebook.com/positivelyUinc,No,Save and come back later,,,,,,,,,,,,,,,,,,,,,,,,,,,,,,,,,,,,,,,,,,,,,,,,,,,,,,,,,,,,,,,,,,,,,,,,,,,,,,,,,,,,,,
8/31/2020 16:42:38,Marvene Edwards,Positively U ,Positively U is a Stars Pharmacy Program it gives individuals an opportunity to,facebook.com/positivelyUinc,No,Save and come back later,,,,,,,,,,,,,,,,,,,,,,,,,,,,,,,,,,,,,,,,,,,,,,,,,,,,,,,,,,,,,,,,,,,,,,,,,,,,,,,,,,,,,,
9/1/2020 7:31:59,Benjamin Fox,Santa Fe College Police Department,College Police Department,https://www.sfcollege.edu/studentaffairs/emergency-aid/index,No,Keep going,Benjamin Fox,Office Supervisor,benjamin.fox@sfcollege.edu,352-395-7383,,,,Keep going,Santa Fe College,3000 NW 83rd Street,,Gainesville,32606,PD Front Desk,352-395-5519,,,,,Keep going,Benjamin Fox,Office Supervisor,benjamin.fox@sfcollege.edu,352-395-7383,,,,Keep going,Ad-hoc,"Monday, Tuesday, Wednesday, Thursday, Friday, Saturday, Sunday",,,,,,,,,,,,,,,,Available 24/7,,,Keep going,"Information (i.e. referrals, educational materials), Money (i.e. rent payment assistance, transportation vouchers), Goods (i.e. food, medication)",Free,"Clothing, Education","Covid-19, Disaster",,Food Pantry / Distribution Site,Counseling,,Tutoring,,Keep going,,,,,,,,,,,,Keep going,No,,Yes,No,No,,,,,Keep going,No,English,,
9/1/2020 9:29:15,Chaitanya Bolte,GoodCareers/ Job Junction,"Assists jobseekers with finding job leads, filling out job applications, editing and creating resumes, mock interviews, and more!",https://goodwilljax.org,No,Keep going,Goodwill of North Central Florida,Employment Specialist,cbolte@goodwilljax.org,(352) 335-1311,N/A,N/A,N/A,Keep going,N/A,3520 SW 34th St.,,Gainesville,32608,Main office,(352) 335-1311,N/A,N/A,N/A,35,Keep going,GoodCareers/ Job Junction,Employment Specialist,cbolte@goodwilljax.org,(352) 340-2453,,(352) 335-1311,,Keep going,Weekly,"Monday, Tuesday, Wednesday, Thursday, Friday",9:00:00 AM,3:59:59 PM,9:00:00 AM,3:59:59 PM,9:00:00 AM,3:59:59 PM,9:00:00 AM,3:59:59 PM,9:00:00 AM,3:59:59 PM,,,,,,,,"Lunch hour M-F, 12PM - 1PM, closed for lunch.",Keep going,"Information (i.e. referrals, educational materials), Professional Services (i.e. medical appointments, legal counseling)",Free,Jobs,,,,,,,"We assist jobseekers with finding job leads, filling out job applications, creating and editing resumes, mock interviews, and more. We refer jobseekers to other local organizations for assistance with food, housing, clothing, etc.",Keep going,18,,,,"Employed full time, Employed part time, Unemployed, Student, Volunteer, Retired, Homemaker, Self-employed, Unable to work","No Schooling, Kindergarten, Grades 1-11, 12th Grade (No Diploma), Regular High School Diploma, GED or alternative credential, Some college credit, Vocational Certificate, Associate’s Degree, Bachelor’s Degree, Master’s Degree, Doctorate Degree","Homeless, In Shelter, Rent, Own, Other","City of Gainesville, Alachua County","Female, Male, Non-Binary","Native American or Alaskan Native, White or Euro-American, Black, Afro-Caribbean, or African American, Latinx or Hispanic American, Middle Eastern or Arab American, South Asian or South Asian American, East Asian, South East Asian or Asian American, Native Hawaiian, Other Pacific Islander or Pacific Islander American","We assist jobseekers of all ages. No children are allowed within the building, so that jobseekers using the computers may focus. No food or drink allowed inside.",Keep going,No,"Jobseeker must register before the date & time of their resume or mock interview appointment. Appointments are limited to 1 hour, and are first-come, first-serve.",Yes,Yes,No,"In-person at the office, By phone",(352) 335-1311,cbolte@goodwilljax.org,,Keep going,No,English,,2 of the pages about contact services were very repetitive and confusing.
9/1/2020 9:34:11,Michael Espinosa,The Ark School of Fitness,"The Ark helps people of all shapes, sizes and backgrounds find time to exercise, so they can build strength and confidence in their bodies.",thearkfitness.com,No,Keep going,Michael Espinosa,Executive Director,mike@thearkfitness.org,3524481676,The best way to get in touch is to send an email to: mike@thearkfitness.org,,,Keep going,n/a,22 NE 11 street,,Gainesville,32601,3524481676,,,,,,Keep going,Same as HQ,,,,,,,Keep going,Weekly,"Monday, Tuesday, Wednesday, Friday, Saturday",6:59:59 AM,8:00:00 AM,3:59:59 PM,5:00:00 PM,6:59:59 AM,8:00:00 AM,,,6:59:59 AM,8:00:00 AM,9:59:59 AM,11:00:00 AM,,,,,,"These hours are for our online classes. For more information, visit our website: thearkfitness.com",Keep going,"Information (i.e. referrals, educational materials), Professional Services (i.e. medical appointments, legal counseling)","Free, Discounted",,Covid-19,,Education & Advocacy,,,"Classes, Sports",The Ark offers online exercise classes 5 days a week. These classes require no equipment; people of all ages and levels of fitness are welcome. ,Keep going,12,110,0,1000000,"Employed full time, Employed part time, Unemployed, Student, Volunteer, Retired, Homemaker, Self-employed, Unable to work","No Schooling, Kindergarten, Grades 1-11, 12th Grade (No Diploma), Regular High School Diploma, GED or alternative credential, Some college credit, Vocational Certificate, Associate’s Degree, Bachelor’s Degree, Master’s Degree, Doctorate Degree","Homeless, In Shelter, Rent, Own, Other","City of Gainesville, Alachua County","Female, Male, Non-Binary","Native American or Alaskan Native, White or Euro-American, Black, Afro-Caribbean, or African American, Latinx or Hispanic American, Middle Eastern or Arab American, South Asian or South Asian American, East Asian, South East Asian or Asian American, Native Hawaiian, Other Pacific Islander or Pacific Islander American",All are welcome!,Keep going,No,,Yes,No,No,On website,,,,Keep going,No,"English, Spanish, Others Upon Request",,
9/2/2020 14:59:53,Steven Williams,Westside Samaritans Clinic,A 501c3 organization to bring quality episodic health care to those in the Gainesville area that cannot afford conventional health care and lack insurance.,samaritansclinic.com,No,Keep going,Steven Williams,Executive Director,samaritansclinicdirector@gmail.com,3525059101,Phone 1 is unanswered.  Leave a message,3523175631,Phone 2 is my mobile,Save and come back later,N/A,1029 NE 9th Street,,Gainesville,32601,Clinic Appointments,3525059101,,,samaritansclinicdirector@gmail.com,"11, 711, 24",Keep going,Steven Williams,Executive Director,samaritansclinicdirector@gmail.com,3523175631,,,,Keep going,Monthly,Thursday,12:00:00 PM,12:00:00 PM,,,,,,6:00:00 PM,8:00:00 PM,,,,,,third Thursday at 6pm,,,,Keep going,"Professional Services (i.e. medical appointments, legal counseling)",Free,,,,,Medical,,,"Episodic Primary Care, chronic diseases such as diabetes or high blood pressure, nutrition counseling",Keep going,18,65,0,,"Employed full time, Employed part time, Unemployed, Student, Volunteer, Retired, Homemaker, Self-employed, Unable to work",No Schooling,"Homeless, In Shelter, Rent, Own, Other","City of Gainesville, Alachua County","Female, Male, Non-Binary","Native American or Alaskan Native, White or Euro-American, Black, Afro-Caribbean, or African American, Latinx or Hispanic American, Middle Eastern or Arab American, South Asian or South Asian American, East Asian, South East Asian or Asian American, Native Hawaiian, Other Pacific Islander or Pacific Islander American",Income varies based on number in household,Keep going,Yes,Florida DOH 110 form to verify income compared to number in household,Yes,Yes,No,By phone,3525059101,,,Keep going,Yes,"English, Others Upon Request",By Appointment Only,
9/8/2020 10:53:05,Candi Morris,Alachuaa WIC Program,Supplemental Nutrition Program,,Yes,Keep going,Alachua WIC Program,Candi Morris,candi.morris@flhealth.gov,352-225-4375,,,,Keep going,Alachua WIC Program,224 SE 24th Steet,,Gainesville,32641,Office,3522254375,,,candi.morris@flhealth.gov,,Keep going,,,,,,,,Keep going,Weekly,"Monday, Tuesday, Wednesday, Thursday, Friday",8:00:00 AM,4:30:00 PM,8:00:00 AM,4:30:00 PM,8:00:00 AM,4:30:00 PM,8:00:00 AM,4:30:00 PM,8:00:00 AM,4:30:00 PM,,,,,,,,,Keep going,,,,,,Education & Advocacy,"Pediatrics, Women’s Health",,,Supplemental nutritional program,Keep going,,,,,,,,,,,,,,,,,,,,,,,,,,no
